,Prediction,True Scores
0,47.078674,46.759998
1,46.636986,46.330002
2,45.93891,45.650002
3,46.534294,46.23
4,47.931778,47.59
5,47.520554,47.189999
6,46.9143,46.599998
7,46.6678,46.360001
8,46.257088,45.959999
9,45.764473,45.48
10,46.54457,46.240002
11,46.6986,46.389999
12,46.216026,45.919998
13,47.458893,47.130001
14,47.510277,47.18
15,47.335556,47.009998
16,42.876335,42.66
17,41.37539,41.189999
18,42.212227,42.009998
19,40.57022,40.400002
20,41.467186,41.279999
21,41.79367,41.599998
22,42.03865,41.84
23,42.661705,42.450001
24,42.620834,42.41
25,42.56974,42.360001
26,42.815002,42.599998
27,42.59018,42.380001
28,43.316017,43.09
29,44.114258,43.869999
30,43.817375,43.580002
31,43.766197,43.529999
32,43.735497,43.5
33,44.10401,43.860001
34,44.40101,44.150002
35,44.339554,44.09
36,44.237137,43.990002
37,44.30883,44.060001
38,44.09378,43.849998
39,44.124496,43.880001
40,43.510376,43.279999
41,43.28533,43.060001
42,43.33647,43.110001
43,42.56974,42.360001
44,43.07057,42.849998
45,42.23265,42.029999
46,42.181595,41.98
47,41.20204,41.02
48,41.569206,41.380001
49,41.752853,41.560001
50,41.895737,41.700001
51,42.7128,42.5
52,42.498222,42.290001
53,43.10125,42.880001
54,43.080803,42.860001
55,43.121704,42.900002
56,41.650818,41.459999
57,41.39579,41.209999
58,41.151054,40.970001
59,41.14086,40.959999
60,40.8351,40.66
61,40.896233,40.720001
62,40.45819,40.290001
63,41.742645,41.549999
64,41.722237,41.529999
65,41.61,41.419998
66,41.67122,41.48
67,41.916153,41.720001
68,41.956978,41.759998
69,41.84471,41.650002
70,42.467575,42.259998
71,42.365425,42.16
72,41.814087,41.619999
73,43.131927,42.91
74,42.85589,42.639999
75,43.213737,42.990002
76,43.57177,43.34
77,48.21971,47.869999
78,48.384285,48.029999
79,49.547203,49.16
80,49.44426,49.060001
81,49.011925,48.639999
82,49.03251,48.66
83,48.600327,48.240002
84,47.942055,47.599998
85,46.58564,46.279999
86,47.017036,46.700001
87,48.0963,47.75
88,47.70558,47.369999
89,47.685028,47.349998
90,47.972908,47.630001
91,49.09426,48.720001
92,48.662056,48.299999
93,48.363716,48.009998
94,47.921494,47.580002
95,47.921494,47.580002
96,47.75699,47.419998
97,47.22252,46.900002
98,46.90403,46.59
99,47.95234,47.610001
100,47.787834,47.450001
101,47.18142,46.860001
102,47.56167,47.23
103,47.243073,46.919998
104,47.171143,46.849998
105,46.6678,46.360001
106,46.44188,46.139999
107,46.02102,45.73
108,45.93891,45.650002
109,46.924576,46.610001
110,46.749954,46.439999
111,46.267357,45.970001
112,45.764473,45.48
113,46.12365,45.830002
114,46.267357,45.970001
115,47.037582,46.720001
116,46.400818,46.099998
117,46.534294,46.23
118,46.205757,45.91
119,45.928658,45.639999
120,45.93891,45.650002
121,45.538788,45.259998
122,44.62639,44.369999
123,44.40101,44.150002
124,44.70836,44.450001
125,44.657127,44.400002
126,44.64688,44.389999
127,44.554672,44.299999
128,44.493202,44.240002
129,44.780098,44.52
130,44.87233,44.610001
131,45.826042,45.540001
132,45.908127,45.619999
133,46.051796,45.759998
134,46.975937,46.66
135,46.934845,46.619999
136,47.243073,46.919998
137,47.613068,47.279999
138,45.826042,45.540001
139,46.411087,46.110001
140,46.236557,45.939999
141,45.63111,45.349998
142,45.620857,45.34
143,46.595917,46.290001
144,47.201973,46.880001
145,47.017036,46.700001
146,47.130043,46.810001
147,47.880363,47.540001
148,47.921494,47.580002
149,46.934845,46.619999
150,47.05813,46.740002
151,47.664467,47.330002
152,46.719147,46.41
153,47.05813,46.740002
154,47.04785,46.73
155,47.325287,47.0
156,47.654182,47.32
157,47.60279,47.27
158,46.924576,46.610001
159,45.949173,45.66
160,43.295555,43.07
161,41.87532,41.68
162,40.641518,40.470001
163,42.927437,42.709999
164,44.144974,43.900002
165,44.175697,43.93
166,43.755966,43.52
167,42.018234,41.82
168,43.59223,43.360001
169,43.735497,43.5
170,42.825226,42.610001
171,44.134735,43.889999
172,43.295555,43.07
173,43.520607,43.290001
174,43.715027,43.48
175,43.264877,43.040001
176,44.2269,43.98
177,44.554672,44.299999
178,44.50345,44.25
179,43.715027,43.48
180,44.36004,44.110001
181,44.144974,43.900002
182,44.114258,43.869999
183,44.155212,43.91
184,44.185936,43.939999
185,43.520607,43.290001
186,43.674095,43.439999
187,44.513687,44.259998
188,44.87233,44.610001
189,45.85682,45.57
190,46.94512,46.630001
191,47.068405,46.75
192,47.11978,46.799999
193,47.787834,47.450001
194,47.43833,47.110001
195,47.325287,47.0
196,47.212242,46.889999
197,46.99649,46.68
198,47.335556,47.009998
199,47.849518,47.509998
200,47.962624,47.619999
201,48.116875,47.77
202,47.530838,47.200001
203,48.384285,48.029999
204,53.371704,52.869999
205,54.796234,54.25
206,54.218063,53.689999
207,54.517456,53.98
208,53.87741,53.360001
209,53.134377,52.639999
210,53.753555,53.240002
211,54.692986,54.150002
212,54.951126,54.400002
213,54.930466,54.380001
214,55.48815,54.919998
215,54.70331,54.16
216,54.03225,53.509998
217,54.176773,53.650002
218,53.836136,53.32
219,53.34075,52.84
220,54.30065,53.77
221,53.4749,52.970001
222,54.38324,53.849998
223,54.47615,53.939999
224,54.73427,54.189999
225,54.73427,54.189999
226,54.796234,54.25
227,54.218063,53.689999
228,54.465828,53.93
229,54.89949,54.349998
230,55.798027,55.220001
231,55.78769,55.209999
232,54.7446,54.200001
233,56.510857,55.91
234,56.40754,55.810001
235,56.38688,55.790001
236,55.550117,54.98
237,55.84967,55.27
238,54.60006,54.060001
239,55.715385,55.139999
240,55.777367,55.200001
241,56.738174,56.130001
242,56.293884,55.700001
243,54.672333,54.130001
244,55.395195,54.830002
245,55.932312,55.349998
246,56.41787,55.82
247,56.262886,55.669998
248,56.552185,55.950001
249,57.172188,56.549999
250,56.92417,56.310001
251,56.066605,55.48
252,55.364212,54.799999
253,55.62242,55.049999
254,54.58972,54.049999
255,52.649475,52.169998
256,52.814537,52.330002
257,52.783577,52.299999
258,53.27883,52.779999
259,52.102814,51.639999
260,53.619392,53.110001
261,51.43261,50.990002
262,50.98938,50.560001
263,51.22644,50.790001
264,50.90693,50.48
265,52.773262,52.290001
266,52.257515,51.790001
267,52.649475,52.169998
268,51.669724,51.220001
269,52.535995,52.060001
270,55.663742,55.09
271,55.271263,54.709999
272,53.505867,53.0
273,52.63916,52.16
274,52.474106,52.0
275,50.577187,50.16
276,49.804634,49.41
277,49.67076,49.279999
278,50.113594,49.709999
279,50.09301,49.689999
280,50.927544,50.5
281,51.53569,51.09
282,52.90738,52.419998
283,52.670105,52.189999
284,52.288445,51.82
285,53.1447,52.650002
286,51.628487,51.18
287,51.81407,51.360001
288,52.577255,52.099998
289,51.752213,51.299999
290,51.319214,50.880001
291,53.072464,52.580002
292,53.45426,52.950001
293,52.835167,52.349998
294,52.50505,52.029999
295,51.47383,51.029999
296,52.11313,51.650002
297,53.34075,52.84
298,52.52568,52.049999
299,53.578102,53.07
300,53.681305,53.169998
301,54.11483,53.59
302,54.89949,54.349998
303,55.219627,54.66
304,54.011604,53.490002
305,54.39357,53.860001
306,54.610374,54.07
307,54.50714,53.970001
308,54.75493,54.209999
309,54.063225,53.540001
310,55.271263,54.709999
311,55.62242,55.049999
312,55.80835,55.23
313,56.15959,55.57
314,56.014954,55.43
315,55.116356,54.560001
316,55.694725,55.119999
317,55.013084,54.459999
318,54.97178,54.419998
319,54.858185,54.310001
320,55.209305,54.650002
321,55.932312,55.349998
322,55.942642,55.360001
323,56.242233,55.650002
324,57.079178,56.459999
325,57.006844,56.389999
326,56.180252,55.59
327,56.376534,55.779999
328,52.2472,51.779999
329,52.58757,52.110001
330,51.89657,51.439999
331,51.381065,50.939999
332,50.30932,49.900002
333,50.27841,49.869999
334,51.040916,50.610001
335,50.185707,49.779999
336,50.27841,49.869999
337,50.350525,49.939999
338,50.814186,50.389999
339,50.48445,50.07
340,51.46353,51.02
341,51.49446,51.049999
342,51.96875,51.509998
343,51.52539,51.080002
344,52.298767,51.830002
345,50.937843,50.509998
346,51.247063,50.810001
347,50.74205,50.32
348,51.051216,50.619999
349,50.443245,50.029999
350,52.051247,51.59
351,52.597885,52.119999
352,52.36065,51.889999
353,52.804222,52.32
354,53.505867,53.0
355,53.351067,52.849998
356,52.969284,52.48
357,52.257515,51.790001
358,52.608215,52.130001
359,52.577255,52.099998
360,52.515373,52.040001
361,52.082184,51.619999
362,51.937813,51.48
363,50.55658,50.139999
364,50.237213,49.830002
365,50.09301,49.689999
366,50.814186,50.389999
367,50.546272,50.130001
368,50.48445,50.07
369,51.638794,51.189999
370,51.43261,50.990002
371,52.38128,51.91
372,50.237213,49.830002
373,48.795815,48.43
374,49.835526,49.439999
375,50.968758,50.540001
376,51.61817,51.169998
377,51.607864,51.16
378,51.61817,51.169998
379,51.8347,51.380001
380,51.8347,51.380001
381,52.783577,52.299999
382,53.08278,52.59
383,53.722588,53.209999
384,54.03225,53.509998
385,54.269684,53.740002
386,54.228386,53.700001
387,54.496803,53.959999
388,53.598747,53.09
389,56.510857,55.91
390,56.39721,55.799999
391,57.192856,56.57
392,57.358208,56.73
393,57.389214,56.759998
394,56.80017,56.189999
395,56.82084,56.209999
396,57.30654,56.68
397,57.203186,56.580002
398,57.203186,56.580002
399,57.606262,56.970001
400,58.04039,57.389999
401,58.62966,57.959999
402,58.733055,58.060001
403,58.877815,58.200001
404,58.691704,58.02
405,58.98121,58.299999
406,58.608986,57.939999
407,58.795097,58.119999
408,58.09208,57.439999
409,58.21614,57.560001
410,58.257477,57.599998
411,58.278152,57.619999
412,58.32984,57.669998
413,58.557297,57.889999
414,58.619324,57.950001
415,58.846794,58.169998
416,58.70204,58.029999
417,58.774414,58.099998
418,58.557297,57.889999
419,58.112755,57.459999
420,58.24714,57.59
421,58.32984,57.669998
422,58.267822,57.610001
423,58.31951,57.66
424,58.08174,57.43
425,56.82084,56.209999
426,57.68895,57.049999
427,57.15152,56.529999
428,56.872498,56.259998
429,57.833656,57.189999
430,57.895676,57.25
431,57.56492,56.93
432,57.440895,56.810001
433,58.42289,57.759998
434,58.484924,57.82
435,58.08174,57.43
436,57.533913,56.900002
437,58.619324,57.950001
438,58.70204,58.029999
439,58.050735,57.400002
440,58.257477,57.599998
441,58.071404,57.419998
442,57.885345,57.240002
443,58.29883,57.639999
444,58.402214,57.740002
445,58.46424,57.799999
446,58.71238,58.040001
447,57.833656,57.189999
448,57.75097,57.110001
449,57.55458,56.919998
450,58.071404,57.419998
451,57.86467,57.220001
452,58.31951,57.66
453,58.185112,57.529999
454,57.895676,57.25
455,60.38774,59.66
456,61.774124,61.0
457,61.76378,60.990002
458,61.391266,60.630001
459,60.842903,60.099998
460,60.604958,59.869999
461,60.656693,59.919998
462,60.532555,59.799999
463,60.149834,59.43
464,59.92228,59.209999
465,59.405167,58.709999
466,61.17398,60.419998
467,61.225723,60.470001
468,60.91532,60.169998
469,59.394836,58.700001
470,59.725777,59.02
471,58.795097,58.119999
472,59.57064,58.869999
473,60.377396,59.650002
474,61.40161,60.639999
475,61.101555,60.349998
476,61.629257,60.860001
477,61.8983,61.119999
478,61.15329,60.400002
479,61.287796,60.529999
480,61.370567,60.610001
481,61.867264,61.09
482,61.00844,60.259998
483,59.911934,59.200001
484,59.963646,59.25
485,60.967056,60.220001
486,60.68773,59.950001
487,62.157036,61.369999
488,61.784477,61.009998
489,62.778053,61.970001
490,62.985077,62.169998
491,63.823685,62.98
492,63.513077,62.68
493,63.40954,62.580002
494,63.119667,62.299999
495,64.48644,63.619999
496,64.403595,63.540001
497,64.403595,63.540001
498,64.41395,63.549999
499,64.09292,63.240002
500,64.13434,63.279999
501,63.834045,62.990002
502,63.74086,62.900002
503,62.954025,62.139999
504,63.40954,62.580002
505,63.119667,62.299999
506,63.119667,62.299999
507,63.678734,62.84
508,63.471664,62.639999
509,63.45095,62.619999
510,64.041145,63.189999
511,63.44059,62.610001
512,63.533783,62.700001
513,63.357773,62.529999
514,63.326714,62.5
515,63.119667,62.299999
516,63.575195,62.740002
517,63.80298,62.959999
518,64.38289,63.52
519,64.548584,63.68
520,65.1597,64.269997
521,66.724304,65.779999
522,66.0507,65.129997
523,65.55337,64.650002
524,64.44502,63.580002
525,64.02043,63.169998
526,64.548584,63.68
527,64.50716,63.639999
528,64.28967,63.43
529,64.19647,63.34
530,64.94217,64.059998
531,64.88002,64.0
532,65.625885,64.720001
533,65.47048,64.57
534,65.429054,64.529999
535,65.41868,64.519997
536,65.522285,64.620003
537,65.3876,64.489998
538,65.25294,64.360001
539,65.522285,64.620003
540,65.522285,64.620003
541,65.11827,64.230003
542,64.85931,63.98
543,65.85383,64.940002
544,64.89038,64.010002
545,65.13898,64.25
546,65.1597,64.269997
547,65.29437,64.400002
548,65.905624,64.989998
549,65.636246,64.730003
550,65.843475,64.93
551,65.615524,64.709999
552,65.304726,64.410004
553,65.65697,64.75
554,65.54299,64.639999
555,65.7813,64.870003
556,65.843475,64.93
557,65.09755,64.209999
558,65.947075,65.029999
559,65.7813,64.870003
560,65.89528,64.980003
561,66.0196,65.099998
562,66.21649,65.290001
563,66.40303,65.470001
564,66.65176,65.709999
565,66.80722,65.860001
566,66.48594,65.550003
567,66.672485,65.730003
568,66.4963,65.559998
569,66.672485,65.730003
570,66.62067,65.68
571,66.465195,65.529999
572,66.41339,65.480003
573,66.15433,65.230003
574,65.86419,64.949997
575,66.41339,65.480003
576,66.320114,65.389999
577,65.957436,65.040001
578,66.43412,65.5
579,67.36698,66.400002
580,68.5387,67.529999
581,68.943214,67.919998
582,68.84986,67.830002
583,69.30631,68.269997
584,69.50344,68.459999
585,70.48935,69.410004
586,70.37517,69.300003
587,70.14683,69.080002
588,69.866615,68.809998
589,70.0638,69.0
590,70.001526,68.940002
591,70.10531,69.040001
592,70.385544,69.309998
593,69.50344,68.459999
594,69.42044,68.379997
595,69.47232,68.43
596,70.48935,69.410004
597,68.48685,67.480003
598,68.725395,67.709999
599,68.70465,67.690002
600,69.493065,68.449997
601,69.73171,68.68
602,69.8251,68.769997
603,70.70734,69.620003
604,71.06032,69.959999
605,71.527596,70.410004
606,70.93572,69.839996
607,71.20568,70.099998
608,72.93004,71.760002
609,73.47048,72.279999
610,73.71997,72.519997
611,73.58483,72.389999
612,73.12749,71.949997
613,71.43412,70.32
614,70.87343,69.779999
615,71.77684,70.650002
616,71.38221,70.269997
617,70.998024,69.900002
618,71.101845,70.0
619,72.005356,70.870003
620,71.00841,69.910004
621,71.38221,70.269997
622,71.371826,70.260002
623,72.35856,71.209999
624,71.652214,70.529999
625,70.28175,69.209999
626,70.8942,69.800003
627,69.53458,68.489998
628,69.99115,68.93
629,69.20257,68.169998
630,70.14683,69.080002
631,69.61758,68.57
632,70.54124,69.459999
633,71.08109,69.980003
634,71.09147,69.989998
635,72.29623,71.150002
636,72.94042,71.769997
637,73.99029,72.779999
638,74.583046,73.349998
639,74.531044,73.300003
640,75.113556,73.860001
641,75.48812,74.220001
642,75.04073,73.790001
643,74.84308,73.599998
644,75.45691,74.190002
645,75.31124,74.050003
646,74.385445,73.160004
647,74.26065,73.040001
648,73.90711,72.699997
649,73.782364,72.580002
650,73.44969,72.260002
651,73.335365,72.150002
652,73.886314,72.68
653,73.59522,72.400002
654,74.000694,72.790001
655,73.668,72.470001
656,72.56635,71.410004
657,73.69918,72.5
658,74.83268,73.589996
659,74.44784,73.220001
660,74.895096,73.650002
661,73.59522,72.400002
662,73.68879,72.489998
663,73.335365,72.150002
664,74.385445,73.160004
665,73.92792,72.720001
666,73.89672,72.690002
667,74.03188,72.82
668,74.042274,72.830002
669,74.27105,73.050003
670,75.26963,74.010002
671,76.06054,74.769997
672,75.19679,73.940002
673,74.853485,73.610001
674,74.63505,73.400002
675,75.613,74.339996
676,75.23841,73.980003
677,76.050125,74.760002
678,75.96686,74.68
679,76.51859,75.209999
680,76.06054,74.769997
681,76.6227,75.309998
682,76.46654,75.160004
683,76.75807,75.440002
684,76.2375,74.940002
685,75.47772,74.209999
686,75.68585,74.410004
687,74.48945,73.260002
688,74.48945,73.260002
689,75.10315,73.849998
690,75.12396,73.870003
691,75.769104,74.489998
692,75.894005,74.610001
693,75.52975,74.260002
694,75.977264,74.690002
695,77.31005,75.970001
696,77.3413,76.0
697,77.64341,76.290001
698,77.64341,76.290001
699,77.778854,76.419998
700,78.50835,77.120003
701,78.89406,77.489998
702,79.06088,77.650002
703,78.99833,77.589996
704,79.01918,77.610001
705,79.33202,77.910004
706,80.27084,78.809998
707,80.29172,78.830002
708,80.32302,78.860001
709,80.083046,78.629997
710,80.21867,78.760002
711,85.49651,83.809998
712,85.58027,83.889999
713,84.83714,83.18
714,84.83714,83.18
715,85.74778,84.050003
716,85.84201,84.139999
717,86.1876,84.470001
718,85.97813,84.269997
719,86.281845,84.559998
720,85.78966,84.089996
721,85.559326,83.870003
722,85.62215,83.93
723,85.74778,84.050003
724,84.62789,82.980003
725,84.85808,83.199997
726,84.021164,82.400002
727,84.15712,82.529999
728,85.402306,83.720001
729,84.7639,83.110001
730,84.92087,83.260002
731,85.559326,83.870003
732,86.61704,84.879997
733,85.00457,83.339996
734,85.873436,84.169998
735,85.96767,84.260002
736,82.6412,81.080002
737,83.174225,81.589996
738,84.41863,82.779999
739,84.11528,82.489998
740,85.86297,84.160004
741,86.983734,85.230003
742,87.350525,85.580002
743,87.109474,85.349998
744,86.418015,84.690002
745,88.68213,86.849998
746,88.1892,86.379997
747,87.61257,85.830002
748,87.28764,85.519997
749,87.26668,85.5
750,87.27716,85.510002
751,87.16189,85.400002
752,87.48677,85.709999
753,87.49726,85.720001
754,87.30859,85.540001
755,87.73836,85.949997
756,88.15774,86.349998
757,88.954895,87.110001
758,90.08836,88.190002
759,90.18286,88.279999
760,90.11987,88.220001
761,89.69997,87.82
762,89.972885,88.080002
763,91.569405,89.599998
764,90.256355,88.349998
765,92.136986,90.139999
766,92.09493,90.099998
767,91.989815,90.0
768,93.68308,91.610001
769,93.98827,91.900002
770,93.90407,91.82
771,94.44089,92.330002
772,96.26319,94.059998
773,96.11565,93.919998
774,94.87259,92.739998
775,97.264786,95.010002
776,96.47401,94.260002
777,93.86198,91.779999
778,89.8889,88.0
779,93.388466,91.330002
780,91.579926,89.610001
781,86.753235,85.010002
782,90.07787,88.18
783,91.07557,89.129997
784,91.811134,89.830002
785,92.84148,90.809998
786,94.788345,92.660004
787,94.09352,92.0
788,94.85152,92.720001
789,93.55681,91.489998
790,93.809364,91.730003
791,96.26319,94.059998
792,97.69722,95.419998
793,96.41076,94.199997
794,95.95759,93.769997
795,94.98843,92.849998
796,95.19907,93.050003
797,95.8206,93.639999
798,95.48347,93.32
799,96.05243,93.860001
800,96.65322,94.43
801,98.87914,96.540001
802,99.121956,96.769997
803,96.63214,94.410004
804,96.04189,93.849998
805,96.38969,94.18
806,96.83244,94.599998
807,95.03055,92.889999
808,95.28332,93.129997
809,94.598816,92.480003
810,91.7691,89.790001
811,89.028336,87.18
812,95.968124,93.779999
813,91.43281,89.470001
814,91.348755,89.389999
815,93.325356,91.269997
816,90.43488,88.519997
817,91.685005,89.709999
818,94.44089,92.330002
819,94.49352,92.379997
820,92.231606,90.230003
821,92.79941,90.769997
822,95.02001,92.879997
823,93.94617,91.860001
824,95.75739,93.580002
825,95.23065,93.080002
826,96.37914,94.169998
827,98.38305,96.07
828,98.77356,96.440002
829,98.425255,96.110001
830,97.254234,95.0
831,97.62338,95.349998
832,95.2728,93.120003
833,94.41983,92.309998
834,96.47401,94.260002
835,98.11923,95.82
836,95.69417,93.519997
837,97.254234,95.0
838,95.68363,93.510002
839,96.27375,94.07
840,97.42298,95.160004
841,98.54134,96.220001
842,98.10868,95.809998
843,99.301445,96.940002
844,100.32601,97.910004
845,100.10413,97.699997
846,100.45281,98.029999
847,99.70275,97.32
848,99.52321,97.150002
849,98.49913,96.18
850,98.689125,96.360001
851,99.998505,97.599998
852,99.892876,97.5
853,101.11864,98.660004
854,100.7487,98.309998
855,100.80155,98.360001
856,100.43168,98.010002
857,101.42523,98.949997
858,101.30892,98.839996
859,103.3718,100.790001
860,104.30359,101.669998
861,104.85443,102.190002
862,105.1723,102.489998
863,103.46707,100.879997
864,104.261215,101.629997
865,103.647064,101.050003
866,103.92235,101.309998
867,103.435326,100.849998
868,104.038826,101.419998
869,102.67332,100.129997
870,103.4459,100.860001
871,103.4459,100.860001
872,104.51543,101.870003
873,103.74235,101.139999
874,102.96961,100.410004
875,100.83325,98.389999
876,101.56269,99.080002
877,99.93513,97.540001
878,101.086914,98.629997
879,101.065796,98.610001
880,102.54635,100.010002
881,101.530975,99.050003
882,102.28186,99.760002
883,103.76353,101.160004
884,104.49424,101.849998
885,104.780266,102.120003
886,104.63194,101.980003
887,106.974754,104.190002
888,108.29072,105.43
889,107.73873,104.910004
890,108.842865,105.949997
891,107.96164,105.120003
892,107.197556,104.400002
893,109.18276,106.269997
894,110.98952,107.970001
895,110.659904,107.660004
896,114.03344,110.830002
897,112.74498,109.620003
898,110.68117,107.68
899,108.22702,105.370003
900,108.98094,106.080002
901,109.193375,106.279999
902,110.56423,107.57
903,111.06395,108.040001
904,111.15966,108.129997
905,111.95744,108.879997
906,112.60658,109.489998
907,112.79819,109.669998
908,112.08514,109.0
909,111.24473,108.209999
910,112.6811,109.559998
911,110.659904,107.660004
912,110.63863,107.639999
913,110.57486,107.580002
914,109.82022,106.870003
915,108.87474,105.980003
916,110.02212,107.059998
917,110.55359,107.559998
918,111.446815,108.400002
919,112.72367,109.599998
920,113.42636,110.260002
921,115.30152,112.019997
922,115.22692,111.949997
923,115.63204,112.330002
924,114.9711,111.709999
925,111.54256,108.489998
926,111.80851,108.739998
927,111.24473,108.209999
928,112.48952,109.379997
929,114.470245,111.239998
930,114.9711,111.709999
931,116.25055,112.910004
932,116.74125,113.370003
933,115.42946,112.139999
934,116.57053,113.209999
935,114.960434,111.699997
936,116.95461,113.57
937,117.69099,114.260002
938,118.12868,114.669998
939,117.8938,114.449997
940,117.39214,113.980003
941,117.85111,114.410004
942,117.80841,114.370003
943,119.13255,115.610001
944,118.641235,115.150002
945,118.66258,115.169998
946,116.12256,112.790001
947,115.4188,112.129997
948,114.05475,110.849998
949,115.557396,112.260002
950,109.06592,106.160004
951,108.8004,105.910004
952,112.69176,109.57
953,110.596115,107.599998
954,114.21454,111.0
955,113.905594,110.709999
956,111.553185,108.5
957,111.723404,108.660004
958,112.7556,109.629997
959,111.12776,108.099998
960,104.99217,102.32
961,111.34045,108.300003
962,109.91586,106.959999
963,106.614105,103.849998
964,106.486855,103.730003
965,109.75645,106.809998
966,108.81101,105.919998
967,109.06592,106.160004
968,110.500435,107.510002
969,110.72369,107.720001
970,115.237564,111.959999
971,115.01373,111.75
972,112.69176,109.57
973,109.82022,106.870003
974,109.89461,106.940002
975,107.80243,104.970001
976,110.25595,107.279999
977,111.329834,108.290001
978,107.430984,104.620003
979,104.345955,101.709999
980,105.829445,103.110001
981,105.78705,103.07
982,109.39521,106.470001
983,110.10714,107.139999
984,114.34239,111.120003
985,113.351814,110.190002
986,114.09737,110.889999
987,115.37617,112.089996
988,111.57448,108.519997
989,112.287315,109.190002
990,107.64321,104.82
991,110.58549,107.589996
992,111.64893,108.589996
993,112.170265,109.080002
994,112.564026,109.449997
995,108.92783,106.029999
996,105.59624,102.889999
997,106.741394,103.970001
998,106.44442,103.690002
999,104.13414,101.510002
1000,100.66417,98.230003
1001,96.33698,94.129997
1002,103.12836,100.559998
1003,103.78469,101.18
1004,102.94844,100.389999
1005,104.197685,101.57
1006,103.72117,101.120003
1007,99.787254,97.400002
1008,104.57899,101.93
1009,104.7167,102.059998
1010,105.50084,102.800003
1011,107.05962,104.269997
1012,106.34898,103.599998
1013,105.50084,102.800003
1014,104.706116,102.050003
1015,107.84487,105.010002
1016,108.23764,105.379997
1017,109.02344,106.120003
1018,110.71306,107.709999
1019,108.556145,105.68
1020,109.65021,106.709999
1021,109.10838,106.199997
1022,110.13903,107.169998
1023,107.91917,105.080002
1024,105.64924,102.940002
1025,109.29959,106.379997
1026,107.22938,104.43
1027,105.47964,102.779999
1028,108.61987,105.739998
1029,110.19218,107.220001
1030,108.92783,106.029999
1031,108.120865,105.269997
1032,108.54553,105.669998
1033,108.099625,105.25
1034,109.84148,106.889999
1035,109.75645,106.809998
1036,109.8521,106.900002
1037,111.25538,108.220001
1038,111.2022,108.169998
1039,110.11778,107.150002
1040,112.52145,109.410004
1041,114.18259,110.970001
1042,114.84322,111.589996
1043,115.664024,112.360001
1044,115.46144,112.169998
1045,115.3122,112.029999
1046,115.84527,112.529999
1047,115.557396,112.260002
1048,114.960434,111.699997
1049,115.01373,111.75
1050,113.56479,110.389999
1051,113.69259,110.510002
1052,116.165215,112.830002
1053,117.007965,113.620003
1054,117.94718,114.5
1055,118.04327,114.589996
1056,119.45306,115.910004
1057,121.227425,117.57
1058,121.31297,117.650002
1059,121.17395,117.519997
1060,124.06317,120.220001
1061,120.67143,117.050003
1062,121.32368,117.660004
1063,121.59104,117.910004
1064,120.3721,116.769997
1065,120.54314,116.93
1066,121.62313,117.940002
1067,122.778595,119.019997
1068,122.960526,119.190002
1069,123.79549,119.970001
1070,123.14249,119.360001
1071,123.70983,119.889999
1072,123.75266,119.93
1073,123.05685,119.279999
1074,124.031044,120.190002
1075,124.180954,120.330002
1076,124.844955,120.949997
1077,124.95207,121.050003
1078,124.652176,120.769997
1079,125.72345,121.769997
1080,127.43845,123.370003
1081,127.856636,123.760002
1082,129.6587,125.440002
1083,129.19739,125.010002
1084,133.6411,129.149994
1085,134.43573,129.889999
1086,134.30688,129.770004
1087,135.19821,130.600006
1088,132.27753,127.879997
1089,130.48495,126.209999
1090,133.37265,128.899994
1091,132.5674,128.149994
1092,129.74455,125.519997
1093,129.73384,125.510002
1094,129.7231,125.5
1095,131.4724,127.129997
1096,127.41701,123.349998
1097,128.89702,124.730003
1098,130.28107,126.019997
1099,133.40488,128.929993
1100,132.48152,128.070007
1101,130.4957,126.220001
1102,131.22552,126.900002
1103,132.05208,127.669998
1104,130.45277,126.18
1105,130.51717,126.239998
1106,130.4313,126.160004
1107,129.12228,124.940002
1108,129.9699,125.730003
1109,127.77086,123.68
1110,123.65628,119.839996
1111,127.21331,123.160004
1112,130.0772,125.830002
1113,132.21312,127.82
1114,136.05733,131.399994
1115,137.34604,132.600006
1116,136.8091,132.100006
1117,136.154,131.490005
1118,137.04536,132.320007
1119,137.18495,132.449997
1120,137.61452,132.850006
1121,140.09471,135.160004
1122,140.6636,135.690002
1123,142.01566,136.949997
1124,142.03712,136.970001
1125,142.90598,137.779999
1126,138.2373,133.429993
1127,138.77417,133.929993
1128,139.0104,134.149994
1129,138.80643,133.960007
1130,140.65285,135.679993
1131,141.6187,136.580002
1132,142.56277,137.460007
1133,142.1337,137.059998
1134,142.0264,136.960007
1135,141.48994,136.460007
1136,142.98106,137.850006
1137,143.57082,138.399994
1138,144.10686,138.899994
1139,144.10686,138.899994
1140,142.15514,137.080002
1141,141.28606,136.270004
1142,141.447,136.419998
1143,141.6616,136.619995
1144,143.60298,138.429993
1145,144.52484,139.289993
1146,146.0567,140.720001
1147,145.48909,140.190002
1148,146.72043,141.339996
1149,146.3886,141.029999
1150,145.66049,140.350006
1151,141.28606,136.270004
1152,143.20625,138.059998
1153,141.96202,136.899994
1154,136.92723,132.210007
1155,139.59018,134.690002
1156,140.22351,135.279999
1157,144.09613,138.889999
1158,142.8309,137.710007
1159,140.77092,135.789993
1160,143.78526,138.600006
1161,138.82788,133.979996
1162,138.50575,133.679993
1163,141.1358,136.130005
1164,143.58156,138.410004
1165,142.3482,137.259995
1166,143.98892,138.789993
1167,142.90598,137.779999
1168,138.19438,133.389999
1169,140.40599,135.449997
1170,140.71725,135.740005
1171,140.52406,135.559998
1172,143.2706,138.119995
1173,142.99178,137.860001
1174,141.03922,136.039993
1175,142.74512,137.630005
1176,145.33916,140.050003
1177,144.32124,139.100006
1178,142.62712,137.520004
1179,141.08215,136.080002
1180,141.12508,136.119995
1181,142.62712,137.520004
1182,142.4126,137.320007
1183,141.35042,136.330002
1184,142.48769,137.389999
1185,143.6995,138.520004
1186,146.43143,141.070007
1187,144.6856,139.440002
1188,144.36409,139.139999
1189,142.47696,137.380005
1190,144.59985,139.360001
1191,144.79272,139.539993
1192,142.85236,137.729996
1193,144.2462,139.029999
1194,142.14441,137.070007
1195,139.54721,134.649994
1196,141.29677,136.279999
1197,143.2706,138.119995
1198,142.19806,137.119995
1199,140.64212,135.669998
1200,143.39926,138.240005
1201,144.32124,139.100006
1202,144.94275,139.679993
1203,144.80347,139.550003
1204,146.96657,141.570007
1205,145.72475,140.410004
1206,144.95348,139.690002
1207,142.50912,137.410004
1208,143.60298,138.429993
1209,141.39334,136.369995
1210,142.3268,137.240005
1211,145.22133,139.940002
1212,146.0674,140.729996
1213,149.76721,144.190002
1214,148.31424,142.830002
1215,150.21555,144.610001
1216,148.89136,143.369995
1217,149.26529,143.720001
1218,150.15154,144.550003
1219,150.05545,144.460007
1220,149.6284,144.059998
1221,149.84195,144.259995
1222,151.65535,145.960007
1223,151.8152,146.110001
1224,152.83755,147.070007
1225,153.09296,147.309998
1226,153.8906,148.059998
1227,155.91829,149.970001
1228,156.31042,150.339996
1229,156.36343,150.389999
1230,155.54712,149.619995
1231,155.39859,149.479996
1232,155.5153,149.589996
1233,157.25284,151.229996
1234,158.09879,152.029999
1235,158.40517,152.320007
1236,157.41153,151.380005
1237,155.4729,149.550003
1238,155.21823,149.309998
1239,155.79105,149.850006
1240,155.8759,149.929993
1241,157.80283,151.75
1242,157.39038,151.360001
1243,157.147,151.130005
1244,157.74997,151.699997
1245,159.37613,153.240005
1246,160.73492,154.529999
1247,161.78598,155.529999
1248,160.90321,154.690002
1249,160.56657,154.369995
1250,161.97496,155.710007
1251,163.75633,157.410004
1252,163.75633,157.410004
1253,163.72496,157.380005
1254,165.07257,158.669998
1255,165.375,158.960007
1256,163.94458,157.589996
1257,164.0596,157.699997
1258,167.10231,160.619995
1259,165.0204,158.619995
1260,165.44795,159.029999
1261,163.93413,157.580002
1262,166.55156,160.089996
1263,168.62634,162.089996
1264,167.84943,161.339996
1265,169.85608,163.279999
1266,168.66774,162.130005
1267,169.75291,163.179993
1268,172.8272,166.169998
1269,173.77852,167.100006
1270,173.16504,166.5
1271,172.34557,165.699997
1272,173.39009,166.720001
1273,171.66814,165.039993
1274,168.82294,162.279999
1275,172.09933,165.460007
1276,174.73764,168.039993
1277,179.53636,172.779999
1278,176.96265,170.229996
1279,181.14182,174.380005
1280,186.84229,180.119995
1281,186.62544,179.899994
1282,190.28436,183.630005
1283,190.53807,183.889999
1284,195.20312,188.699997
1285,191.07422,184.440002
1286,191.33717,184.710007
1287,190.36243,183.710007
1288,191.95975,185.350006
1289,193.78299,187.229996
1290,193.83138,187.279999
1291,191.05475,184.419998
1292,185.3317,178.589996
1293,177.63058,170.889999
1294,174.76823,168.070007
1295,176.90187,170.169998
1296,164.56113,158.179993
1297,168.54355,162.009995
1298,179.5464,172.789993
1299,171.12332,164.509995
1300,177.28667,170.550003
1301,172.92961,166.270004
1302,168.08784,161.570007
1303,156.60706,150.619995
1304,167.41379,160.919998
1305,159.78728,153.630005
1306,144.27835,139.059998
1307,165.23944,158.830002
1308,140.3738,135.419998
1309,152.30522,146.570007
1310,145.71402,140.399994
1311,148.18594,142.710007
1312,142.44478,137.350006
1313,140.97482,135.979996
1314,154.18819,148.339996
1315,152.67786,146.919998
1316,162.39465,156.110001
1317,155.63199,149.699997
1318,166.69708,160.229996
1319,164.07007,157.710007
1320,158.18333,152.110001
1321,161.50238,155.259995
1322,159.99799,153.830002
1323,171.90434,165.270004
1324,170.07272,163.490005
1325,171.76057,165.130005
1326,171.77086,165.139999
1327,172.15063,165.509995
1328,180.46039,173.699997
1329,178.6301,171.880005
1330,183.79485,177.039993
1331,185.34158,178.600006
1332,181.82193,175.059998
1333,174.5134,167.820007
1334,180.27979,173.520004
1335,178.16603,171.419998
1336,181.31197,174.550003
1337,180.81126,174.050003
1338,176.53699,169.809998
1339,184.18216,177.429993
1340,185.9446,179.210007
1341,181.33199,174.570007
1342,185.57896,178.839996
1343,187.47227,180.759995
1344,189.21884,182.539993
1345,190.25507,183.600006
1346,191.30798,184.679993
1347,193.30858,186.740005
1348,189.18945,182.509995
1349,186.47752,179.75
1350,187.24599,180.529999
1351,189.82527,183.160004
1352,191.53185,184.910004
1353,190.28436,183.630005
1354,192.26097,185.660004
1355,190.08905,183.429993
1356,190.16716,183.509995
1357,188.26807,181.570007
1358,188.50357,181.809998
1359,188.10118,181.399994
1360,189.91322,183.25
1361,189.50262,182.830002
1362,191.53185,184.910004
1363,191.96948,185.360001
1364,189.59065,182.919998
1365,193.75397,187.199997
1366,194.87509,188.360001
1367,196.26286,189.800003
1368,202.99359,196.839996
1369,192.85298,186.270004
1370,194.27625,187.740005
1371,195.43457,188.940002
1372,199.87727,193.570007
1373,200.51709,194.240005
1374,202.49901,196.320007
1375,201.38492,195.149994
1376,206.53229,200.570007
1377,207.8005,201.910004
1378,203.94373,197.839996
1379,206.31442,200.339996
1380,202.50851,196.330002
1381,204.51328,198.440002
1382,209.31337,203.509995
1383,210.43785,204.699997
1384,211.91144,206.259995
1385,216.10635,210.699997
1386,213.79106,208.25
1387,218.1217,212.830002
1388,219.53355,214.320007
1389,218.9174,213.669998
1390,212.6765,207.070007
1391,213.88553,208.350006
1392,213.5927,208.039993
1393,209.70087,203.919998
1394,208.71785,202.880005
1395,216.95755,211.600006
1396,214.26341,208.75
1397,217.09946,211.75
1398,208.39633,202.539993
1399,207.2233,201.300003
1400,209.63472,203.850006
1401,207.90456,202.020004
1402,209.83315,204.059998
1403,209.68193,203.899994
1404,210.73071,205.009995
1405,221.64124,216.539993
1406,218.55737,213.289993
1407,218.22588,212.940002
1408,221.46063,216.350006
1409,217.79036,212.479996
1410,213.79106,208.25
1411,209.19052,203.380005
1412,214.67914,209.190002
1413,214.21617,208.699997
1414,214.40512,208.899994
1415,215.70926,210.279999
1416,216.85352,211.490005
1417,215.16104,209.699997
1418,219.78012,214.580002
1419,218.30162,213.020004
1420,218.93634,213.690002
1421,221.5747,216.470001
1422,226.03891,221.149994
1423,231.26671,226.580002
1424,233.52916,228.910004
1425,230.25114,225.529999
1426,231.93542,227.270004
1427,236.20616,231.649994
1428,222.3641,217.300003
1429,219.46718,214.25
1430,208.50981,202.660004
1431,216.66432,211.289993
1432,211.07077,205.369995
1433,209.8048,204.029999
1434,211.10858,205.410004
1435,214.29176,208.779999
1436,210.7685,205.050003
1437,208.74622,202.910004
1438,206.36179,200.389999
1439,208.39633,202.539993
1440,213.00706,207.419998
1441,206.5512,200.589996
1442,209.01091,203.190002
1443,213.38489,207.820007
1444,214.91536,209.440002
1445,212.85596,207.259995
1446,215.75658,210.330002
1447,217.77142,212.460007
1448,211.84534,206.190002
1449,215.80382,210.380005
1450,211.58087,205.910004
1451,215.28395,209.830002
1452,215.9929,210.580002
1453,220.94757,215.809998
1454,226.2783,221.399994
1455,227.67899,222.860001
1456,225.76128,220.860001
1457,224.614,219.660004
1458,224.614,219.660004
1459,219.43875,214.220001
1460,219.8465,214.649994
1461,219.98882,214.800003
1462,220.0742,214.889999
1463,221.34657,216.229996
1464,215.52022,210.080002
1465,218.51949,213.25
1466,208.52872,202.679993
1467,210.45674,204.720001
1468,208.33015,202.470001
1469,208.19777,202.330002
1470,212.072,206.429993
1471,221.49866,216.389999
1472,228.09224,223.289993
1473,228.50586,223.720001
1474,223.40228,218.389999
1475,216.39949,211.009995
1476,221.65076,216.550003
1477,220.59622,215.440002
1478,221.61272,216.509995
1479,222.2975,217.229996
1480,219.6663,214.460007
1481,216.46568,211.080002
1482,217.73352,212.419998
1483,215.81328,210.389999
1484,215.54857,210.110001
1485,219.09749,213.860001
1486,219.10695,213.869995
1487,220.39688,215.229996
1488,219.29654,214.070007
1489,221.32758,216.210007
1490,220.52977,215.369995
1491,219.4577,214.240005
1492,219.57149,214.360001
1493,219.5051,214.289993
1494,221.13754,216.009995
1495,217.1468,211.800003
1496,215.93619,210.520004
1497,218.52896,213.259995
1498,219.41977,214.199997
1499,219.35342,214.130005
1500,224.25113,219.279999
1501,224.38483,219.419998
1502,223.59291,218.589996
1503,227.41968,222.589996
1504,228.71765,223.940002
1505,225.91443,221.020004
1506,227.57333,222.75
1507,229.70078,224.960007
1508,228.91989,224.149994
1509,226.54665,221.679993
1510,227.25647,222.419998
1511,222.73538,217.690002
1512,222.93536,217.899994
1513,217.57265,212.25
1514,223.30692,218.289993
1515,224.57578,219.619995
1516,222.54498,217.490005
1517,220.11214,214.929993
1518,221.45113,216.339996
1519,218.30162,213.020004
1520,217.95123,212.649994
1521,221.54617,216.440002
1522,229.10297,224.339996
1523,229.71045,224.970001
1524,230.65704,225.949997
1525,234.13332,229.529999
1526,236.87341,232.330002
1527,237.43362,232.899994
1528,243.41106,238.929993
1529,236.51024,231.960007
1530,244.13107,239.649994
1531,243.99094,239.509995
1532,247.49826,243.0
1533,246.50027,242.009995
1534,246.69162,242.199997
1535,246.96368,242.470001
1536,248.27608,243.770004
1537,247.31664,242.820007
1538,249.00471,244.490005
1539,249.51138,244.990005
1540,248.2053,243.699997
1541,248.71107,244.199997
1542,248.29631,243.789993
1543,245.45448,240.970001
1544,239.02039,234.509995
1545,237.79773,233.270004
1546,239.05992,234.550003
1547,233.60707,228.990005
1548,236.92253,232.380005
1549,241.42801,236.940002
1550,238.38882,233.869995
1551,232.21677,227.559998
1552,231.41199,226.729996
1553,236.15717,231.600006
1554,232.0518,227.389999
1555,238.3001,233.779999
1556,236.96179,232.419998
1557,241.61691,237.130005
1558,240.24707,235.75
1559,239.31677,234.809998
1560,242.1941,237.710007
1561,241.5274,237.039993
1562,235.2955,230.720001
1563,234.93379,230.350006
1564,240.48495,235.990005
1565,242.06465,237.580002
1566,239.95985,235.460007
1567,236.88322,232.339996
1568,240.9711,236.479996
1569,239.74205,235.240005
1570,236.4023,231.850006
1571,240.2669,235.770004
1572,246.84277,242.350006
1573,253.66621,249.070007
1574,252.4304,247.860001
1575,254.51552,249.899994
1576,257.95514,253.25
1577,260.63525,255.850006
1578,260.6972,255.910004
1579,263.36273,258.48999
1580,260.3669,255.589996
1581,264.40714,259.5
1582,265.68964,260.73999
1583,263.62122,258.73999
1584,263.12494,258.26001
1585,265.52414,260.579987
1586,261.9984,257.170013
1587,266.1137,261.149994
1588,266.52737,261.549988
1589,266.9617,261.970001
1590,259.30457,254.559998
1591,257.1939,252.509995
1592,256.85468,252.179993
1593,256.52588,251.860001
1594,252.35902,247.789993
1595,251.01445,246.470001
1596,254.34145,249.729996
1597,257.1425,252.460007
1598,251.7372,247.179993
1599,250.77039,246.229996
1600,243.48102,239.0
1601,247.52853,243.029999
1602,252.72632,248.149994
1603,249.70406,245.179993
1604,247.57901,243.080002
1605,247.61937,243.119995
1606,251.02463,246.479996
1607,249.69394,245.169998
1608,255.41731,250.779999
1609,256.38205,251.720001
1610,256.14587,251.490005
1611,253.91168,249.309998
1612,254.29027,249.679993
1613,251.96136,247.399994
1614,251.85948,247.300003
1615,250.24199,245.710007
1616,255.42755,250.789993
1617,258.5317,253.809998
1618,257.25558,252.570007
1619,258.30518,253.589996
1620,262.0707,257.23999
1621,262.7425,257.890015
1622,264.81052,259.890015
1623,263.22833,258.359985
1624,262.2154,257.380005
1625,265.85513,260.899994
1626,264.33472,259.429993
1627,267.6441,262.630005
1628,270.61862,265.51001
1629,270.37097,265.269989
1630,271.8349,266.690002
1631,270.113,265.019989
1632,273.92242,268.720001
1633,276.66586,271.399994
1634,276.1553,270.899994
1635,276.8699,271.600006
1636,282.9818,277.649994
1637,282.99182,277.660004
1638,285.24786,279.929993
1639,282.75198,277.420013
1640,283.27136,277.940002
1641,282.65195,277.320007
1642,286.28314,280.980011
1643,287.78156,282.51001
1644,286.3323,281.029999
1645,286.05682,280.75
1646,282.34164,277.01001
1647,284.64392,279.320007
1648,286.69568,281.399994
1649,291.2836,286.140015
1650,294.60916,289.670013
1651,294.0312,289.049988
1652,291.66458,286.540009
1653,291.35983,286.220001
1654,291.62653,286.5
1655,290.10574,284.910004
1656,290.0192,284.820007
1657,292.21515,287.119995
1658,291.63602,286.51001
1659,294.46954,289.519989
1660,294.41367,289.459991
1661,293.35666,288.329987
1662,291.5694,286.440002
1663,292.05402,286.950012
1664,294.73926,289.809998
1665,297.52948,292.850006
1666,299.1037,294.600006
1667,297.73773,293.079987
1668,295.59088,290.730011
1669,301.02155,296.769989
1670,307.41138,304.359985
1671,307.64523,304.649994
1672,305.9919,302.619995
1673,305.48776,302.01001
1674,303.02838,299.089996
1675,303.56537,299.720001
1676,306.78662,303.589996
1677,305.37985,301.880005
1678,305.33832,301.829987
1679,304.77127,301.149994
1680,304.7629,301.140015
1681,303.95523,300.179993
1682,303.98062,300.209991
1683,301.44052,297.25
1684,300.08954,295.709991
1685,301.2138,296.98999
1686,303.62488,299.790009
1687,307.78195,304.820007
1688,308.10266,305.220001
1689,303.69275,299.869995
1690,298.83557,294.299988
1691,299.28204,294.799988
1692,302.5912,298.579987
1693,303.42935,299.559998
1694,303.25043,299.350006
1695,298.71912,294.170013
1696,288.76367,283.519989
1697,289.2284,284.0
1698,287.2052,281.920013
1699,294.0779,289.100006
1700,288.36563,283.109985
1701,293.75995,288.76001
1702,297.76486,293.109985
1703,299.3266,294.850006
1704,299.3266,294.850006
1705,298.7729,294.230011
1706,297.55667,292.880005
1707,300.61823,296.309998
1708,306.0989,302.75
1709,307.29007,304.209991
1710,309.73825,307.290009
1711,310.46774,308.230011
1712,309.83185,307.410004
1713,312.3893,310.76001
1714,311.18115,309.160004
1715,310.39056,308.130005
1716,311.90143,310.109985
1717,320.92532,323.170013
1718,321.66055,324.350006
1719,325.90692,331.619995
1720,324.644,329.369995
1721,326.7294,333.130005
1722,327.19412,334.0
1723,328.46307,336.440002
1724,328.2688,336.059998
1725,328.7421,336.98999
1726,328.2123,335.950012
1727,325.45187,330.799988
1728,326.3506,332.429993
1729,328.60547,336.720001
1730,328.2739,336.070007
1731,329.9886,339.51001
1732,329.79907,339.119995
1733,330.82846,341.269989
1734,331.6802,343.109985
1735,330.14313,339.829987
1736,329.08862,337.679993
1737,329.20325,337.910004
1738,324.8207,329.679993
1739,328.55972,336.630005
1740,325.3344,330.589996
1741,325.04745,330.079987
1742,324.7125,329.48999
1743,320.82468,323.01001
1744,322.781,326.190002
1745,327.6786,334.920013
1746,327.70468,334.970001
1747,326.71323,333.100006
1748,331.4192,342.540009
1749,329.93527,339.399994
1750,324.05072,328.339996
1751,327.53714,334.649994
1752,321.99878,324.899994
1753,321.3195,323.799988
1754,318.8258,319.910004
1755,323.4359,327.290009
1756,326.76703,333.200012
1757,327.5581,334.690002
1758,331.37775,342.450012
1759,330.8191,341.25
1760,331.14633,341.950012
1761,329.89648,339.320007
1762,328.40186,336.320007
1763,327.5896,334.75
1764,324.43774,329.01001
1765,316.43808,316.380005
1766,314.6746,313.880005
1767,314.78928,314.040009
1768,314.95364,314.269989
1769,315.45795,314.980011
1770,317.73138,318.269989
1771,307.7659,304.799988
1772,311.96924,310.200012
1773,306.0166,302.649994
1774,306.57443,303.329987
1775,305.147,301.600006
1776,300.37186,296.029999
1777,300.67093,296.369995
1778,293.50684,288.48999
1779,300.969,296.709991
1780,303.66727,299.839996
1781,310.49088,308.26001
1782,312.5535,310.980011
1783,310.8753,308.76001
1784,314.37238,313.459991
1785,304.8549,301.25
1786,308.6761,305.940002
1787,304.60373,300.950012
1788,307.5727,304.559998
1789,312.72467,311.209991
1790,305.7939,302.380005
1791,299.49567,295.040009
1792,299.46008,295.0
1793,304.20013,300.470001
1794,303.37827,299.5
1795,295.59088,290.730011
1796,292.98038,287.929993
1797,292.7824,287.720001
1798,285.58368,280.269989
1799,299.09476,294.589996
1800,301.49274,297.309998
1801,302.7715,298.790009
1802,299.41562,294.950012
1803,303.9637,300.190002
1804,300.27493,295.920013
1805,294.78568,289.859985
1806,284.23703,278.910004
1807,281.1771,275.850006
1808,293.51627,288.5
1809,290.75806,285.589996
1810,285.3862,280.070007
1811,281.77008,276.440002
1812,292.24353,287.149994
1813,298.9161,294.390015
1814,299.65558,295.220001
1815,304.16635,300.429993
1816,303.08826,299.160004
1817,307.16864,304.059998
1818,303.36972,299.48999
1819,307.20102,304.100006
1820,306.85995,303.679993
1821,312.34445,310.700012
1822,315.761,315.410004
1823,314.66022,313.859985
1824,310.5294,308.309998
1825,311.37915,309.420013
1826,315.45087,314.970001
1827,312.4789,310.880005
1828,303.37827,299.5
1829,304.9552,301.369995
1830,301.19635,296.970001
1831,290.44186,285.26001
